,tm,ph,sasa,charge,volume,helix,sheet,coil,n_phobic_contact,n_disulfide,n_saltbridge,n_hbond,n_pos-pos,n_pos-neutral,n_pos-special,n_pos-hydrophobic,n_neg-neg,n_neg-neutral,n_neg-special,n_neg-hydrophobic,n_neutral-neutral,n_neutral-special,n_neutral-hydrophobic,n_special-special,n_special-hydrophobic,e_angle,e_bond,e_dihedral,e_gb,e_elec,e_elec14,e_vdw,e_vdw14,e_tot
18336.pdb,-0.7600494743351883,7.0,-1.4976376822992943,,1.4999999999990623,0.49999999999999944,,-1.2781397575779534,1.5000000000000018,,,,,,-1.4997448222546061,1.4997448222546024,,,-1.4994347621089927,1.49943476210899,,-1.5000000000000004,1.5000000000000073,-1.5,-1.499999999999999,1.45225674305086,0.41226708734950124,-1.4636181927560108,1.1313711422713775,-1.3622731454849732,-1.35090282089352,0.015410498537659066,0.012289218901407701,-0.2705016209917741
18942.pdb,-0.46011131725417437,7.0,0.5388816714957272,,-0.5000000000009376,0.49999999999999944,,0.7961392949947963,-0.4999999999999983,,,,,,0.5129573341966583,-0.5129573341966623,,,0.4804014286368618,-0.4804014286368649,,0.49999999999999956,-0.49999999999999284,0.5,0.5000000000000011,-0.37957239273743254,0.5634358559221404,0.4727006585377184,0.07112940114680094,0.02923776146738686,0.30086025895823737,0.5502553621130737,-1.320077754043239,0.08133157691415041
18976.pdb,0.22016079158936336,7.0,0.41987433930777557,,-0.5000000000009376,-1.5000000000000007,,-0.31413883241163887,-0.4999999999999983,,,,,,0.4738301538612916,-0.4738301538612956,,,0.5386319048352709,-0.538631904835274,,0.49999999999999956,-0.49999999999999284,0.5,0.5000000000000011,-0.829215264763131,-1.4969544812922135,0.2276742516484959,-1.305500287068527,1.0234948361464786,1.0413787066640794,-1.4091083451435833,1.102273722973783,-1.110056292803274
18941.pdb,1.0,7.0,0.5388816714957272,,-0.5000000000009376,0.49999999999999944,,0.7961392949947963,-0.4999999999999983,,,,,,0.5129573341966583,-0.5129573341966623,,,0.4804014286368618,-0.4804014286368649,,0.49999999999999956,-0.49999999999999284,0.5,0.5000000000000011,-0.24346908555030267,0.5212515380205645,0.763243282569807,0.1029997436504078,0.3095405478711079,0.008663855271245444,0.8434424844927739,0.20551481216804832,1.2992263368810424
